id,text,isRetweet,isDeleted,device,favorites,retweets,date,isFlagged,isMisrepresentation,justification
678916493862678528,"""Hillary said with respect to ISIS, """"we are finally where we need to be."""" Do we want 4  more years of incompetent leadership?  MAGA!""",f,f,Twitter for Android,5669,2311,2015-12-21 12:34:40,f,t,Utterance taken out of context. Link: https://www.politico.com/story/2015/12/hillary-clinton-hawkish-debate-217005
674688436863950848,""""""" Haim Saban: Hillary Clinton’s Top Hollywood Donor Demands Racial Profiling of Muslims""""   https://t.co/d99X4O9ysG""",f,f,Twitter Web Client,2760,1725,2015-12-09 20:33:53,f,t,Generalization. Saban voiced opinion that Muslim refugees should be scrutinized more than Christian ones during war. Link: https://www.thewrap.com/hollywood-mogul-haim-saban-more-scrutiny-muslims-profiling-hillary-clinton/
673523559109681156,"""Hillary just said that she will not use the term """"radical Islamic"""" - but was incapable of saying why. She is afraid of  Obama &amp, the e-mails!""",f,f,Twitter for Android,4544,2169,2015-12-06 15:25:04,f,t,Clinton did explain why. Link: https://edition.cnn.com/2015/12/06/politics/hillary-clinton-radical-islam/index.html
672385109820112896,"""""""@Co: CBS reports """"swarms"""" of celebrators were on roofs in Jersey on 9/11/2001‼️‼️ VIDEO: https://t.co/1KBPRCSXEt https://t.co/C6nKmbQK8a""""""",f,f,Twitter for Android,1863,1161,2015-12-03 12:01:17,f,t,CBS mentions and discredits one such report. Link: https://www.cbsnews.com/newyork/news/donald-trump-muslims-jersey-city-september-11/
668206716962611201,"""""""@WayneDupreeShow: """"It’s clear that Donald Trump was NOT even talking about a Muslim Database!"""" https://t.co/3tLDZj2WGV""""""",f,f,Twitter for Android,1588,805,2015-11-21 23:17:50,f,t,Trump did talk about it. Link: https://www.politifact.com/article/2015/nov/24/donald-trumps-comments-database-american-muslims/
665524569961287680,"""President Obama said """"ISIL continues to shrink"""" in an interview just hours before the horrible attack in Paris. He is just so bad! CHANGE.""",f,f,Twitter for Android,15925,7148,2015-11-14 13:39:56,f,t,Quote taken out of context. Link: https://abcnews.go.com/Politics/president-obama-vows-completely-decapitate-isis-operations/story?id=35173579
663488294676799489,"""""""@Watchman4the1: Chuck Schumer: Sen Marco Rubio Is “Totally Committed To Obama’s Immigration Agenda” https://t.co/yieqFMRxwH DonaldTrump""",f,f,Twitter for Android,1184,858,2015-11-08 22:48:31,f,t,Schumer says Rubio helped craft bipartisan immigration bill. Link:https://edition.cnn.com/2015/11/05/politics/chuck-schumer-interview-rubio-immigration/index.html
662632702227648512,"""Carson now admits his friend named """"Bob,"""" who he tried to stab (Bob was saved by his belt buckle!), no longer exists as Bob. Wrong name!""",f,f,Twitter for iPhone,1661,831,2015-11-06 14:08:41,f,t,Carson said he changed names to protect their identities. Link: https://edition.cnn.com/2015/11/05/politics/ben-carson-2016-childhood-violence/index.html
658824292117913600,"""""""@coloradojoe2001: How is any one taking Carson seriously when he """"suspends"""" his presidential campaign for a book signing tour?""""""",f,f,Twitter for Android,1942,960,2015-10-27 01:55:26,f,t,Carson did not suspend campaign. Link: https://www.politico.com/story/2015/10/ben-carson-book-tour-214839
655872635088318464,"""""""@traceclmbs82:  @FoxNews Pampered @GeorgeWill who never had a real job has no problem w/USA losin jobs 2 foreign countries @FoxNewsSunday""""""",f,f,Twitter for Android,926,509,2015-10-18 22:26:36,f,t,Will insists that it is not true that nothing is being produced in the U.S. anymore. He does not talk about being fine with jobs leaving the country. Link: http://web.archive.org/web/20151020041020/http://www.foxnews.com/transcript/2015/10/18/donald-trump-talks-taxes-trade-11-and-why-takes-personal-shots-at-political/
655823759341940736,"""Just reported by CNN that """"the Trump halo effect""""  caused a record-shattering Democratic Debate rating of 15.3 million viewers. So true!""",f,f,Twitter for Android,1868,791,2015-10-18 19:12:23,f,t,Halo effect is only one of five possible explanations. Link: https://money.cnn.com/2015/10/14/media/cnn-democratic-debate-ratings-record/
654086914878930945,"""""""@StreckerJosh: The Hillary love fest on CNN is ridiculous. I feel bad for the other candidates...especially the non-criminal ones.""""""",f,f,Twitter for Android,4043,2190,2015-10-14 00:10:47,f,t,clear from political context
653873325450657792,"""""""@Politics_Reddit: That feminist who called out Trump last night? She's a Jeb intern. http://t.co/aRroatryt6""""  Jeb always gets caught, sad!""",f,f,Twitter for Android,2031,1541,2015-10-13 10:02:03,f,t,She did not call Trump out. She asked a question about equal payment for women and about a woman's right to decide what happens to her own body. Her language was not agressive. Link: https://edition.cnn.com/2016/12/09/politics/trump-tweet-woman-cyber-bullied-cnntv/index.html
651360905578577920,"""""""@WMikeWood: @cnn Trump Shuts down Cuomo. """"I am not getting out."""" I am going to win. Cuomo tries sleazy tricks . Epic Fail. Unprofessional.""""""",f,f,Twitter for Android,1576,725,2015-10-06 11:38:36,f,t,Taken out of context. Cuomo's question came after Trump's poll numbers had decreased and Trump had said in a prior interview that he would drop out if his lead decreased and he had no chance of winning. That is why Cuomo asked the question. Link: https://edition.cnn.com/2015/10/06/politics/donald-trump-not-going-anywhere/index.html
650111055348285440,"""""""@thehill: P. Diddy is a fan of Donald Trump: http://t.co/VQv3ivgrwq http://t.co/Z66TTG3DpJ""""""",f,f,Twitter for Android,1577,960,2015-10-03 00:52:08,f,t,Exaggerated comment. Diddy calls Trump his friend. Link: https://www.washingtonpost.com/news/wonk/wp/2015/10/02/sean-p-diddy-combs-donald-trump-is-not-the-only-person-who-is-a-model-mogul/
647759368386121728,"""""""@Karentalk: @RogerJStoneJr  @megynkelly Fiorina is not surging..she is begging for money..and she owns this. http://t.co/kOkyNtWkeE""""""",f,f,Twitter for Android,1901,1602,2015-09-26 13:07:22,f,t,Exaggerated comment. Link: https://www.theguardian.com/us-news/2015/oct/04/carly-fiorina-attracts-koch-brothers-other-wealthy-donors
646506261526265856,"""I think @megynkelly should take another eleven day """"unscheduled"""" vacation.""",f,f,Twitter for Android,3971,1709,2015-09-23 02:07:58,f,t,Vacation of journalist unlikely to have been unscheduled. Link: https://www.businessinsider.com/donald-trump-goes-after-megyn-kelly-again-2015-8?r=US&IR=T
646500785371652096,"""Senator Marco """"amnesty"""" Rubio, who has worst voting record in Senate, just hit me on national security-but I said don't go into Iraq. VISION""",f,f,Twitter for Android,3038,1569,2015-09-23 01:46:13,f,t,Trump did not publicly oppose the invasion of Iraq prior to it. Link: https://edition.cnn.com/2019/10/29/politics/fact-check-trump-false-claim-opposed-iraq-invasion/index.html
645529809955737600,"""""""@LeghanLiptak712: CNN tried to destroy Donald Trump with vaccine autism question, but he gave this AMAZING response http://t.co/nQttFpyzaC""""""",f,f,Twitter for Android,2322,1091,2015-09-20 09:27:54,f,t,The question was directed at Carson. Link: https://www.cbsnews.com/news/fact-check-gop-debate-on-vaccines-and-autism/
640139404829401088,"""Just announced that because of """"Trump"""", advertising rates for debate on @CNN are going from $5000 to $200,000, a 4000% increase.PAY CHARITY?""",f,f,Twitter for Android,3539,2181,2015-09-05 12:28:21,f,t,No announcement. Link: https://thehill.com/policy/technology/252568-cnns-republican-debate-ad-prices-soar-amid-trump-hype/
638386619133882368,"""This is no """"act of love"""" as Jeb Bush said... https://t.co/K4FKTKpaTI""",f,f,Twitter Web Client,1620,999,2015-08-31 16:23:25,f,t,Comments about illegal immigration taken out of context. Link: https://www.washingtonpost.com/news/post-politics/wp/2015/08/31/chilling-trump-video-attacks-bush-for-calling-illegal-immigration-act-of-love/
637598518123868160,"""""""@joehos18: BOOM - Univision Reluctantly Reports Donald Trump Leading With Latino Republicans.... http://t.co/MmsebE0LPP via @thelastrefuge2""",f,f,Twitter for Android,2914,2087,2015-08-29 12:11:47,f,t,Tone and wording in the video are neutral whether in the Spanish original or in the English translation. Nothing suggests reluctance. Link: https://newsbusters.org/blogs/latino/ken-oliver-mendez/2015/08/04/eureka-trump-tops-among-latino-republicans-univision
636128157788192768,"""In a clumsy move to get out of his """"anchor babies"""" dilemma, where he signed that he would not use the term and now uses it, he blamed ASIANS""",f,f,Twitter for Android,1595,678,2015-08-25 10:49:06,f,t,"Bush explains that he only used the term for lack of another one, and that he is open to suggestions if someone has a better way to refer to the notion. Link: https://www.nbcnews.com/politics/2016-election/jeb-bush-chill-out-criticism-anchor-baby-term-n415051"
635182993334792193,"""I had 15,000 people in Phoenix but @politico said """"the rooms capacity is just over 2000."""" But said Bernie  Sanders had 11,000 in same room.""",f,f,Twitter for Android,2348,1598,2015-08-22 20:13:21,f,t,Politico did not claim that it was the same room. Link: https://www.politico.com/story/2015/09/donald-trumps-2016-crowd-size-fixation-214093
634724114972966912,"""Jeb Bush signed memo saying not to use the term """"anchor babies,"""" offensive. Now he wants to use it because I use it. Stay true to yourself!""",f,f,Twitter for Android,4393,2473,2015-08-21 13:49:56,f,t,Bush used the term but also distanced himself slightly from it. He said nothing about wanting use it. Link: https://edition.cnn.com/2015/08/24/politics/jeb-bush-donald-trump-anchor-baby/index.html
624143740005949440,"""""""@fedupwithgovern: Congress Can't Find Money for Veterans *Houses, Feeds, Educates, Provide Drs for illegals *Gives Iran over $200 Billion""""""",f,f,Twitter for Android,1527,1164,2015-07-23 09:07:18,f,t,The amount refers to the effect of sanctions relief on the Iranian economy. Congress did not and will not give Iran money as part of the Iran nuclear deal. Link: https://www.bbc.com/news/world-middle-east-33521655
624046726161285123,"""""""@RonNussbeck: @Maxinerunner I am a veteran from Arizona John McCain voted to give illegal Aliens benefits &amp, take them from disabled Vets""""""",f,f,Twitter for Android,929,770,2015-07-23 02:41:48,f,t,McCain voted for bills that would allow former illegal immigrants to receive social security after achieving legal status. Link: https://edition.cnn.com/2007/POLITICS/12/31/romney.ads/index.html?iref=newssearch
622711436272398336,"""John McCain called thousands of people """"crazies"""" when they came to seek help on illegal immigration last week in Phoenix. He owes apology!""",f,f,Twitter for Android,2525,1768,2015-07-19 10:15:50,f,t,McCain was talking about far-right Republicans. Link: https://www.newyorker.com/news/news-desk/john-mccain-has-a-few-things-to-say-about-donald-trump
621780913161113600,"""The thousands of people that showed up for me in Phoenix were amazing Americans. @SenJohnMcCain called them """"crazies""""--must apologize!""",f,f,Twitter Web Client,1303,710,2015-07-16 20:38:16,f,t,McCain was talking about far-right Republicans. Link: https://www.newyorker.com/news/news-desk/john-mccain-has-a-few-things-to-say-about-donald-trump
619135211121561600,"""Totally false reporting on my call with @Reince Priebus. He called me, ten minutes, said I hit a “nerve"""", doing well, end!""",f,f,Twitter Web Client,653,509,2015-07-09 13:25:11,f,t,Priebus also voiced concern about Trump's rhetoric. Link: https://edition.cnn.com/2015/07/08/politics/donald-trump-reince-priebus-immigrants-rnc/index.html
617109797738049536,"""""""@BonnieKit: Thank you America Ferrara for supporting lawless criminals from Mexico. One more needless death. 2 innocent lives taken""""""",f,f,Twitter for Android,507,305,2015-07-03 23:16:55,f,t,Ferrera writes that Trump may not reduce immigrants to rapists and drug dealers. Link: https://www.huffpost.com/entry/thank-you-donald-trump_b_7709126
616900042268483584,"""""""@babyylissa: Obama calls immigrants gang bangers&amp,criminals but Trump gets attacked for calling SOME illegals from SOME countries bad people""",f,f,Twitter for Android,386,287,2015-07-03 09:23:26,f,t,Obama was talking about how the deportation of criminal illegal immigrants should be prioritized over non-criminals. He listed the kinds of criminals that should be deported. Link: https://colorlines.com/article/who-are-those-gangbangers-obamas-so-proud-deporting/
616646192609558528,"""""""@racheljoycowley I'm done with Macy's. Apparently, they follow the trend of trying to force legislation on every American freedom. Done!""""""",f,f,Twitter Web Client,588,267,2015-07-02 16:34:43,f,t,Macy's dropped Trump products because of his racist remarks about Mexican immigrants. Link: https://edition.cnn.com/2015/07/01/politics/donald-trump-macys/index.html
615476204624322560,"""""""@KEEMSTARx: Mexican criminals coming into USA? YES Did Trump say we need to stop them? YES Did he say Mexicans are good? YES Racism? NO""""""",f,f,Twitter for Android,846,433,2015-06-29 11:05:36,f,t,Trump said that he supposes that some of them are good people. Link: https://www.washingtonpost.com/news/the-fix/wp/2017/06/16/theyre-rapists-presidents-trump-campaign-launch-speech-two-years-later-annotated/
797832229800050688,"""The @nytimes states today that DJT believes """"more countries should acquire nuclear weapons."""" How dishonest are they. I never said this!""",f,f,Twitter for Android,76766,23324,2016-11-13 16:03:21,f,t,The report used more hedging. Link: https://www.nytimes.com/2016/11/12/world/what-is-donald-trumps-foreign-policy.html
796102093727793152,"""Just out according to @CNN: """"Utah officials report voting machine problems across entire country""""""",f,f,Twitter for Android,38650,16952,2016-11-08 21:28:24,f,t,There was a glitch in one county in Utah. It was solved. Link: https://edition.cnn.com/2016/11/08/politics/washington-county-utah-voting-machine/index.html
790174395985788929,"""""""If you can't run your own house you certainly can't run the White House"""" A statement made by Mrs. Obama about Crooked Hillary Clinton""",f,f,Twitter for Android,47885,20748,2016-10-23 12:53:51,f,t,Michelle Obama did not mention Clinton directly. https://time.com/4548363/michelle-obama-hillary-clinton-north-carolina/
789594671387447297,"""""""{Crooked Hillary Clinton} created this mess, and she knows it."""" #DrainTheSwamp https://t.co/3cBNYjl5CD https://t.co/sjwkuq3nkk""",f,f,Twitter for iPhone,15260,9325,2016-10-21 22:30:14,f,t,Abedin did not suggest that Clinton is corrupt. She suggested that Clinton knew it was her own fault that she looked that way because of her decision not to pull out of an event of the Clinton Foundation that was funded by the Moroccan government. Link: https://www.foxnews.com/politics/abedin-implicated-clinton-in-foundation-trade-off-with-morocco-amid-12-million-commitment
788921907835830272,"""Crooked's camp incited violence at my rallies. These incidents weren't """"spontaneous"""" - like she claimed in Benghazi! https://t.co/aCzOgFIfZ2""",f,f,Twitter Web Client,12214,7610,2016-10-20 01:56:54,f,t,Hidden camera video was heavily edited. Link: https://edition.cnn.com/2016/10/18/politics/project-veritas-action-robert-creamer-donald-trump-rallies/index.html
787779039079624704,"""Wow, interview released by Wikileakes shows """"quid pro quo"""" in Crooked Hillary e-mail probe.Such a dishonest person - &amp, Paul Ryan does zilch!""",f,f,Twitter for Android,26199,11849,2016-10-16 22:15:33,f,t,"In the FBI interviews, it is mentioned that an employee claims that a colleague discussed a quid pro quo. The FBI interviews do not show a quid pro quo. Link: https://www.nbcnews.com/news/us-news/fbi-state-department-say-no-quid-pro-quo-clinton-email-n667926"
785563318652178432,"""Wow, @CNN got caught fixing their """"focus group"""" in order to make Crooked Hillary look better. Really pathetic and totally dishonest!""",f,f,Twitter for Android,56085,23061,2016-10-10 19:31:04,f,t,CNN's Brown was not coaching the focus group. Link: https://www.politico.com/story/2016/10/cnn-trump-rigged-focus-group-debate-229563
769221405820923905,"""How quickly people forget that Crooked Hillary called African-American youth """"SUPER PREDATORS"""" - Has she apologized?""",f,f,Twitter for Android,25863,12482,2016-08-26 17:14:09,f,t,Clinton was referring to gangs of children. Link: https://www.youtube.com/watch?v=j0uCrA7ePno
767531507665756160,"""""""@Jimbos2002:  @Morning_Joe Video: Hillary referring to blacks as super predators that need to be brought to heel. https://t.co/pMIHWayMRw""""""",f,f,Twitter for Android,12566,6646,2016-08-22 01:19:06,f,t,She is referring to gangs of children. Link: https://www.youtube.com/watch?v=j0uCrA7ePno
764045345332396032,"""Ratings challenged @CNN reports so seriously that I call President Obama (and Clinton) """"the founder"""" of ISIS, &amp, MVP. THEY DON'T GET SARCASM?""",f,f,Twitter for Android,20031,6391,2016-08-12 10:26:20,f,t,Trump insisted that he meant what he said when prodded multiple times by Hewitt during the interview. Link: https://edition.cnn.com/2016/08/12/politics/donald-trump-obama-clinton-isis-founder-sarcasm/index.html
763385288295055360,"""""""@dbongino: ‘Now cut off my mic!’ Bongino refuses to be bullied by Don Lemon over Trump, 2nd Amendment – HEATED! https://t.co/UgtfaUXzcr""""""",f,f,Twitter for Android,14690,6248,2016-08-10 14:43:30,f,t,It was a heated argument. Lemon did not bully Bongino. Link: https://finance.yahoo.com/news/don-lemon-gets-into-angry-heated-argument-with-211610989.html
758236300554174465,"""Funny how the failing @nytimes is pushing Dems narrative that Russia is working for me because Putin said """"Trump is a genius."""" America 1st!""",f,f,Twitter for Android,20665,5749,2016-07-27 09:43:16,f,t,Putin did not call Trump a genius. Link: https://www.washingtonpost.com/news/fact-checker/wp/2016/05/03/no-putin-did-not-call-donald-trump-a-genius/
738163472865759232,"""Same failing @nytimes """"reporter"""" who wrote discredited women's story last week wrote another terrible story on me today- will never learn!""",f,f,Twitter for iPhone,10412,3177,2016-06-02 00:21:01,f,t,Trump has not sought correction of Barbaro's stories. They are not discredited. Link: https://twitter.com/mikiebarb/status/738182320897855488
734014390731673600,"""""""@RBacliff: Hillary wants to rip the guns out of America's hands. No guns = no protection. Get on #TrumpTrain &amp, join @NRA to stop her.""""""",f,f,Twitter for Android,11306,4021,2016-05-21 13:34:02,f,t,Clinton advocates for gun control. She is against a ban. Link: https://edition.cnn.com/2016/08/11/politics/hillary-clinton-gun-control-second-amendment/index.html
728403179214376960,"""Can you believe Crooked Hillary said, """"We are going to put a whole lot of coal miners&amp,coal companies out of business."""" She then apologized.""",f,f,Twitter for iPhone,21830,8002,2016-05-06 01:57:05,f,t,Comment taken out of context. Link: https://www.npr.org/2016/05/03/476485650/fact-check-hillary-clinton-and-coal-jobs
711218418775498752,"""Wow, @CNN ratings are up 75% because it's """"all Trump, all the time."""" The networks are making a fortune off of me! MAKE AMERICA GREAT AGAIN!""",f,f,Twitter for Android,15564,5248,2016-03-19 15:50:59,f,t,CNN ratings were 73% higher than MSNBC. The ratings did not increase by 75% overall. Link:  https://cnnpressroom.blogs.cnn.com/2016/04/13/cnn-trump-family-town-hall-ranked-1-in-cable-news-last-night-release/
710923287430357001,"""Failed presidential candidate Mitt Romney, the man who """"choked"""" and let us all down, is now endorsing Lyin' Ted Cruz. This is good for me!""",f,f,Twitter for Android,17472,4786,2016-03-18 20:18:14,f,t,Romney said he would vote for Cruz to avoid Trump as nominee. He did not endorse Cruz. Link: https://www.reuters.com/article/usa-election-idINKCN0WK2R9
704002523980558336,"""""""@EmaGabi23: Rubio was kicking back on his $80k boat he bought with lobbyist money and claimed it was from book sale profit lol""""""",f,f,Twitter for Android,6601,2527,2016-02-28 17:57:36,f,t,Rubio claims the money is from a book deal. Link: https://www.politico.com/story/2015/09/marco-rubio-candidate-wealth-2016-213363
700320270620454912,""".@FoxNews is changing their  theme from """"fair and balanced"""" to """"unfair and unbalanced."""" But dying @WSJ is worse.Their phony poll is a  joke!""",f,f,Twitter for Android,5600,2625,2016-02-18 14:05:38,f,t,clear from political context
697440600535203842,"""So funny, Jeb Bush called me a """"highly gifted politician and a great entertainer"""" - I assume that is a compliment!""",f,f,Twitter for Android,11045,2920,2016-02-10 15:22:51,f,t,"Bush said Trump is a gifted entertainer, but not a conservative. He was criticizing Trump. Link: https://www.cbsnews.com/boston/news/jeb-bush-donald-trump-criticism-new-hampshire-primary-candidate-forum/"
682805477168779264,"""""""@jallenaip: Hillary said she was in a """"Fog of War"""" as explanation for the lies about Benghazi. No fog allowed in WH. Vote Trump POTUS!""""""",f,f,Twitter for Android,6008,2182,2016-01-01 06:08:06,f,t,Clinton did not say or suggest that she lied. She implied that she did not know better because of the confusing situation. Link: https://www.factcheck.org/2016/06/the-benghazi-timeline-clinton-edition/
890524387773997056,"""Wow, the Failing @nytimes said about @foxandfriends """"....the most powerful T.V. show in America.""""""",f,f,Twitter for iPhone,45761,9240,2017-07-27 10:48:53,f,t,Quote taken out of context. The article voices criticism and is written in a sarcastic tone. Link: https://www.nytimes.com/2017/07/19/arts/television/donald-trump-fox-friends.html
889438168721874944,"""After 1 year of investigation with Zero evidence being found, Chuck Schumer just stated that """"Democrats should blame ourselves,not Russia.""""""",f,f,Twitter for iPhone,83349,22500,2017-07-24 10:52:39,f,t,Schumer said the blame is wideranging. Link: https://edition.cnn.com/2017/07/24/politics/chuck-schumer-health-care-russia/index.html
876964061027684352,"""Big day tomorrow in Georgia and South Carolina. ObamaCare is dead. Dems want to raise taxes big! They can only obstruct, no ideas. Vote """"R""""""",f,f,Twitter for iPhone,67937,16269,2017-06-20 00:45:00,f,t,Democrats usually only want to raise taxes on the wealthy. Link: https://www.bbc.com/news/election-us-2016-35666347
871725780535062528,"""Pathetic excuse by London Mayor Sadiq Khan who had to think fast on his """"no reason to be alarmed"""" statement. MSM is working hard to sell it!""",f,f,Twitter for iPhone,77589,22226,2017-06-05 13:49:56,f,t,Khan was referring to the increased police presence. Link: https://time.com/4805285/donald-trump-twitter-london-attack/
871328428963901440,"""At least 7 dead and 48 wounded in terror attack and Mayor of London says there is """"no reason to be alarmed!""""""",f,f,Twitter for iPhone,134291,49871,2017-06-04 11:31:00,f,t,Khan was referring to increased police presence. Link: https://time.com/4805285/donald-trump-twitter-london-attack/
830047626414477312,"""The failing @nytimes does major FAKE NEWS China story saying """"Mr.Xi has not spoken to Mr. Trump since Nov.14."""" We spoke at length yesterday!""",f,f,Twitter for Android,90061,18944,2017-02-10 13:35:50,f,t,The article also mentions the recent phone call. Link: https://www.nytimes.com/2017/02/09/world/asia/donald-trump-china-xi-jinping-letter.html
818421066859167746,"""Hillary flunky who lost big. For the 100th time, I never """"mocked"""" a disabled reporter (would never do that) but simply showed him.......""",f,f,Twitter for Android,70260,17018,2017-01-09 11:36:02,f,t,Trump did mock a disabled reporter. Link: https://www.politico.com/video/2017/01/donald-trump-mocks-disabled-reporter-061897
1321233661765693440,"Joe Biden is a corrupt politician. He wants to send YOUR jobs to China, while his family rakes in millions from the Chinese Communist Party. If Biden wins, China will OWN the USA. When we win, YOU win, Wisconsin wins, and AMERICA wins! #VOTE",f,f,Twitter for iPhone,206253,45792,2020-10-27 23:33:46,f,t,"Biden's tone towards China is more diplomatic. However, his foreign policy plan mentions job creations, and China is described as an ideological and economic adversary. Link: https://www.foreignaffairs.com/articles/united-states/2020-01-23/why-america-must-lead-again"
1322250940267683841,Biden wants the biggest Tax Increase in the history of our Country!,f,f,Twitter for iPhone,153496,27051,2020-10-30 18:56:05,f,t,Biden would raise taxes on high-income earners. It would not be the largest tax hike in U.S. history. Link: https://www.reuters.com/article/uk-factcheck-biden-tax-increase-largest-idUSKBN2772UL
1322892481751646212,"Biden wants to LOCKDOWN our Country, maybe for years. Crazy! There will be NO LOCKDOWNS. The great American Comeback is underway!!!",f,f,Twitter for iPhone,219669,40020,2020-11-01 13:25:20,f,t,"Biden said he would listen to the advice of scientists, but that he does not think a lockdown would be necessary. Link: https://www.theguardian.com/us-news/2020/nov/02/trump-biden-coronavirus-covid-lockdown"
1323143751250907136,"For 47 years, Sleepy Joe Biden betrayed Hispanic-Americans. Now he wants to close your small businesses, eliminate school choice, and attack our Hispanic Law Enforcement Heroes. I will always stand with the incredible Hispanic-American community! https://t.co/4KMnlRkg7c",f,f,Twitter for iPhone,62440,12966,2020-11-02 06:03:47,f,t,"That Biden does not want to close small businesses or attack Hispanic law enforcement heroes is clear from the political context. Biden does oppose private school vouchers, but not school choice. Link: https://www.factcheck.org/2020/07/trump-twists-bidens-position-on-school-choice-charter-schools/"
1262205045359226880,".@60Minutes &amp; third place anchor, @NorahODonnell, are doing everything in their power to demean our Country, much to the benefit of the Radical Left Democrats. Tonight they put on yet another Fake “Whistleblower”, a disgruntled employee who supports Dems, fabricates stories, &amp;...",f,f,Twitter for iPhone,65612,16834,2020-05-18 02:15:08,f,t,clear from political context
1196658170984357888,"Nancy Pelosi just stated that “it is dangerous to let the voters decide Trump’s fate.” @FoxNews  In other words, she thinks I’m going to win and doesn’t want to take a chance on letting the voters decide. Like Al Green, she wants to change our voting system. Wow, she’s CRAZY!",f,f,Twitter for iPhone,132642,37841,2019-11-19 05:15:15,f,t,The quote is from a Fox News reporter. It is taken out of context. Link: https://www.washingtonpost.com/nation/2019/11/19/trump-misquoted-pelosi-impeachment-quote-fox-news-reporter/
1278136326647406593,"At the request of many great Americans who live in the Suburbs, and others, I am studying the AFFH housing regulation that is having a devastating impact on these once thriving Suburban areas. Corrupt Joe Biden wants to make them MUCH WORSE. Not fair to homeowners, I may END!",f,f,Twitter for iPhone,82105,20004,2020-07-01 01:20:21,f,t,Biden wants to combat segregation and discrimination in housing. Link: https://www.chicagotribune.com/election-2020/ct-joe-biden-abolish-the-suburbs-fact-check-20200827-3lwobgvu75ajdpodsoz32tb2sm-story.html
1309613172513320966,"Governor Andrew Cuomo of New York wants to put New York at the END of the Vaccine List in that he doesn’t trust the @FDA or Federal Government, even though the Vaccines are being developed by the finest Labs in the World. Wish he trusted us on Nursing Homes!",f,f,Twitter for iPhone,119005,31489,2020-09-25 21:58:06,f,t,Cuomo wants to conduct an independent safety review because of concerns of politicization of the approval process. Link: https://www.reuters.com/article/us-health-coronavirus-usa-new-york-idUSKCN26F39M
1306951764382490626,Pelosi wants to take 30 Billion Dollars away from our great Farmers. Can’t let that happen!,f,f,Twitter for iPhone,172162,37576,2020-09-18 13:42:37,f,t,There were concerns about accountability measures in regards to how the money was distributed. Link: https://abcnews.go.com/Politics/nancy-pelosi-steve-mnuchin-reach-deal-continuing-resolution/story?id=73178474
1307030660390027264,"Voting starts in Virginia TODAY, and we are going to WIN. You have a crazy Governor who wants to take away your guns, which he will do without me in office. He is in favor of executing babies after birth - this isn’t late-term abortion, this is a step way beyond! Vote for me...",f,f,Twitter for iPhone,149277,40267,2020-09-18 18:56:07,f,t,Governor Northam does not support infanticide. Link: https://www.factcheck.org/2020/02/meme-misquotes-virginia-governor-on-abortion-bill/
1307645433561468934,"Winning Big. Next year, if I’m re-elected, will be our best  year ever! Sleepy Joe wants to quadruple your taxes and go to socialized healthcare. Depression! https://t.co/EN4pSt2Xzu",f,f,Twitter for iPhone,51633,14248,2020-09-20 11:39:00,f,t,Biden wants to raise taxes for higher-income groups. Link: https://www.cbsnews.com/news/biden-tax-plan-comparison-trump/
1300503351101186048,"Just watched what Biden had to say. To me, he’s blaming the Police far more than he’s blaming the Rioters, Anarchists, Agitators, and Looters, which he could never blame or he would lose the Radical Left Bernie supports!",f,f,Twitter for iPhone,177795,41247,2020-08-31 18:38:55,f,t,Biden blamed Trump the most for Portland violence. Link: https://www.cbsnews.com/news/joe-biden-speech-pittsburgh-trump-violence-cities/
1276206200393064449,"Told that @NYCMayor Bill de Blasio wants to paint the fabled &amp; beautiful Fifth Avenue, right in front of Trump Tower/Tiffany, with a big yellow Black Lives Matter sign. “Pigs in a Blanket, Fry ‘Em Like Bacon”, referring to killing Police, is their chant. NYC Police are furious!",f,f,Twitter for iPhone,78229,25139,2020-06-25 17:30:43,f,t,Chant was used once in another protest. No evidence that it was ever used again. There is no evidence that it was used in the New York protest. Link: https://edition.cnn.com/2020/07/02/politics/fact-check-trump-pigs-blanket-black-lives-matter/index.html
1251589681428520960,"China wants Sleepy Joe sooo badly. They want all of those billions of dollars that they have been paying to the U.S. back, and much more. Joe is an easy mark, their DREAM CANDIDATE! https://t.co/vmvCr4SkQq",f,f,Twitter for iPhone,111382,30863,2020-04-18 19:13:28,f,t,clear from political context
1311117188615401473,Joe wants to shut down this Country. I want to keep it OPEN!,f,f,Twitter for iPhone,323995,51693,2020-09-30 01:34:31,f,t,Biden said he would follow the advice of scientists. Link: https://www.theguardian.com/us-news/2020/nov/02/trump-biden-coronavirus-covid-lockdown
1311308087593242624,"Biden wants to Pack the Supreme Court, thereby ruining it. Also, he wants no fracking, killing our Energy business, and JOBS. Second Amendment is DEAD if Biden gets in! Is that what you want from a leader? He will destroy our Country! VOTE NOW USA.",f,f,Twitter for iPhone,128197,32657,2020-09-30 14:13:05,f,t,Biden has not been a supporter of court packing during the primary. Link: https://edition.cnn.com/2020/10/13/politics/joe-biden-court-packing-not-a-fan/index.html
1284282946850086912,"Corrupt Joe Biden wants to defund our police. He may use different words, but when you look at his pact with Crazy Bernie, and other things, that’s what he wants to do. It would destroy America!",f,f,Twitter for iPhone,202187,44235,2020-07-18 00:24:50,f,t,Biden supports law enforcement reforms. He does not support defunding the police. Link: https://www.politico.com/news/2020/06/08/biden-campaign-rejects-defund-police-307401
1313067803449217024,"Virginia Voters! Your Governor wants to obliterate your Second Amendment. I have stopped him. I am the only thing between you and your Second Amendment. Working hard in Virginia. It’s IN PLAY. Better Vote for your favorite President, or wave goodbye to low taxes and gun rights!",f,f,Twitter for iPhone,173229,39807,2020-10-05 10:45:34,f,t,Governor Northam supports gun control measures. He signed a bill that does that in Virginia. Link: https://eu.usatoday.com/story/news/nation/2020/04/10/virginia-governor-northam-signs-gun-control-measures-law/5129936002/
1269080686985719808,Biden wants to Defund the Police! https://t.co/S7zVvXB4EM,f,f,Twitter for iPhone,64773,21196,2020-06-06 01:36:28,f,t,Biden supports law enforcement reform. He does not want to defund the police. Link: https://www.factcheck.org/2020/07/trumps-false-recurring-claim-about-bidens-stance-on-police/
1313443879253946370,Wow. Joe Biden just took a more Liberal position on Roe v. Wade than Elizabeth Warren at her highest. He also wants to PACK our great United States Supreme Court. This is what the Dems will do. Remember as they try changing positions before elections end. GET OUT AND VOTE!,f,f,Twitter for iPhone,158385,39082,2020-10-06 11:39:58,f,t,Biden has not supported packing the court. Link: https://edition.cnn.com/2020/10/13/politics/joe-biden-court-packing-not-a-fan/index.html
1315695492676890631,The Economy is about ready to go through the roof. Stock Market ready to break ALL-TIME RECORD. 401k’s incredible. New Jobs Record. Remember all of this when you VOTE. Sleepy Joe wants to quadruple your Taxes. Depression!!! Don’t let it happen! #MAGA,f,f,Twitter for iPhone,82428,22225,2020-10-12 16:47:04,f,t,Biden wants to raise taxes for very high-income groups. Link: https://www.factcheck.org/2020/05/trump-distorts-bidens-tax-plan/
614077418089922560,Univision wants to back out of signed @MissUniverse contract because I exposed the terrible trade deals that the U.S. makes with Mexico.,f,f,Twitter Web Client,922,904,2015-06-25 14:27:20,f,t,Univision ended the business relationship with Trump because of his insulting anti-Mexican comments. Link: https://www.theguardian.com/us-news/2015/jun/25/univision-donald-trump-miss-universe-mexican-immigrants
612783705648709632,.@KarlRove stated clearly that he wants to repeal the 2nd Amendment. I thought @FoxNews was going to fire that jerk after his Romney fiasco?,f,f,Twitter for Android,220,167,2015-06-22 00:46:35,f,t,Rove was arguing that gun control measures are futile. He did not state that he wanted to repeal the second amendment. Link: https://www.politico.com/story/2015/06/edwards-urges-congress-to-consider-new-gun-measures-119257
794155725152980992,"ObamaCare is a total disaster. Hillary Clinton wants to save it by making it even more expensive. Doesn't work, I will REPEAL AND REPLACE!",f,f,Twitter for Android,38187,12617,2016-11-03 12:34:14,f,t,She wants to adapt the system so that enrollees would not have to pay more than 8.5% of their income as compared to 9.6% in 2016. Link: https://edition.cnn.com/2016/10/25/politics/donald-trump-hillary-clinton-obamacare/index.html
777022559367770112,Crooked Hillary wants to take your 2nd Amendment rights away. Will guns be taken from her heavily armed Secret Service detail? Maybe not!,f,f,Twitter for Android,31907,11196,2016-09-17 05:53:09,f,t,Clinton is a gun control advocate. Link: https://edition.cnn.com/2016/08/11/politics/hillary-clinton-gun-control-second-amendment/index.html
759450265208651776,"Crooked Hillary Clinton is soft on crime, supports open borders, and wants massive tax hikes. A formula for disaster!",f,f,Twitter for iPhone,23077,7584,2016-07-30 18:07:07,f,t,Taken out of context. Clinton mentioned open borders when she was talking about trade to a bank. Link: https://abcnews.go.com/Politics/clintons-apparent-call-open-borders-trade-draws-scrutiny/story?id=42669657
758242674646323200,Crooked Hillary Clinton wants to flood our country with Syrian immigrants that we know little or nothing about. The danger is massive. NO!,f,f,Twitter for Android,43881,12758,2016-07-27 10:08:35,f,t,"Clinton wants Obama to grant asylum to 65,000 Syrian refugees. People who enter the U.S. legally usually have to go through lengthy background checks. Also, considering the country's size, 65,000 refugees would not cause a flood. Link: https://edition.cnn.com/2016/06/13/politics/syrian-refugees-poll-american-attitudes/index.html"
750353319084843008,FBI director said Crooked Hillary compromised our national security. No charges. Wow! #RiggedSystem,f,f,Twitter Web Client,63161,31161,2016-07-05 15:39:06,f,t,Comey said the investigation searched for indications of compromise by hostile actors in connection with the e-mails. Link: https://www.fbi.gov/news/press-releases/statement-by-fbi-director-james-b-comey-on-the-investigation-of-secretary-hillary-clinton2019s-use-of-a-personal-e-mail-system
748345210372038656,"For reasons only they can explain, the @USChamber wants to continue our bad trade deals rather than renegotiating and making them better.",f,f,Twitter for Android,12116,4288,2016-06-30 02:39:36,f,t,clear from political context
734003305819570176,Crooked Hillary wants to get rid of all guns and yet she is surrounded by bodyguards who are fully armed. No more guns to protect Hillary!,f,f,Twitter for Android,33123,12537,2016-05-21 12:49:59,f,t,Clinton is a gun control advocate. Link: https://www.factcheck.org/2016/05/trump-distorts-clintons-gun-stance/
733837704312410112,Crooked Hillary Clinton wants to essentially abolish the 2nd Amendment. No gun owner can ever vote for Clinton!,f,f,Twitter for Android,16914,6627,2016-05-21 01:51:57,f,t,Clinton is a gun control advocate. Link: https://www.factcheck.org/2016/05/trump-distorts-clintons-gun-stance/
728740257512992768,Crooked Hillary Clinton wants completely open borders. Millions of Democrats will run from her over this and support me.,f,f,Twitter for iPhone,18183,6746,2016-05-07 00:16:31,f,t,Taken out of context. Clinton mentioned open borders when she was talking about trade to a bank. Link: https://abcnews.go.com/Politics/clintons-apparent-call-open-borders-trade-draws-scrutiny/story?id=42669657
728528466765844480,"Unlike crooked Hillary Clinton, who wants to destroy all miners, I want wages to go up in America. We will do so by bringing back jobs!",f,f,Twitter for Android,17413,5696,2016-05-06 10:14:56,f,t,Clinton was talking about structural change as a result of renewable energy policy. She also talked about the need to help coal workers during this change. Link: https://www.politifact.com/article/2016/may/10/context-hillary-clintons-comments-about-coal-jobs/
695082204100071424,Sanders says he wants to run against me because he doesn't want to run against me. He would be so easy to beat!,f,f,Twitter for Android,6944,2156,2016-02-04 03:11:26,f,t,Sanders suggests he has a better chance of winning against Trump than Clinton. He does not say that he does not want to run against Trump. Link: https://edition.cnn.com/2016/02/03/politics/democratic-town-hall-transcript/index.html
877101173412638720,"Democrat Jon Ossoff, who wants to raise your taxes to the highest level and is weak on crime and security, doesn't even live in district.",f,f,Twitter for iPhone,57942,15069,2017-06-20 09:49:50,f,t,Ossoff wants to simplify the tax code so that large corporations do not receive preferential treatment at the expense of small businesses. Link: https://www.factcheck.org/2017/04/trump-distorts-ossoffs-record/
1060942600994050048,"Jeff Flake(y) doesn’t want to protect the Non-Senate confirmed Special Counsel, he wants to protect his future after being unelectable in Arizona for the “crime” of doing a terrible job! A weak and ineffective guy!",f,f,Twitter for iPhone,71878,16421,2018-11-09 17:10:02,f,t,Flake wanted to protect the Mueller probe. Link: https://www.reuters.com/article/usa-senate-mueller-idINKCN1NK063
1025920076279627776,"...Danny O’Connor is a total puppet for Nancy Pelosi and Maxine Waters – Danny wants to raise your taxes, open your borders, and take away your 2nd Amendment. Vote for Troy on Tuesday!",f,f,Twitter for iPhone,53255,11783,2018-08-05 01:43:01,f,t,O'Connor wants to ban assault weapons. Link: https://www.nytimes.com/2018/07/13/us/politics/ohio-special-election-house.html
1010569562138406912,"It’s very sad that Nancy Pelosi and her sidekick, Cryin’ Chuck Schumer, want to protect illegal immigrants far more than the citizens of our country. The United States cannot stand for this. We wants safety and security at our borders!",f,f,Twitter for iPhone,132364,30476,2018-06-23 17:05:33,f,t,clear from political context
977286489410240514,"Obama Administration legalized bump stocks. BAD IDEA. As I promised, today the Department of Justice will issue the rule banning BUMP STOCKS with a mandated comment period. We will BAN all devices that turn legal weapons into illegal machine guns.",f,f,Twitter for iPhone,70220,13519,2018-03-23 20:50:30,f,t,"Obama did not legalize bump stocks. After a regulatory process to determine whether bump stocks could be prohibited, an agency of the Justice Department concluded that some bump stocks could not be prohibited based on federal law. Link: https://www.factcheck.org/2018/04/atf-rulings-on-bump-stocks/"
1184293357121613824,"Shifty Adam Schiff wants to rest his entire case on a Whistleblower who he now says can’t testify, &amp, the reason he can’t testify is that he is afraid to do so because his account of the Presidential telephone call is a fraud &amp, totally different from the actual transcribed call...",f,f,Twitter for iPhone,77313,17953,2019-10-16 02:21:54,f,t,Whistleblower may not testity due to safety concerns. Link: https://www.politico.com/news/2019/10/13/schiff-whistleblower-impeachment-probe-045910
1166493307377078272,"Axios (whatever that is) sat back and said GEEEEE, let’s see, what can we make up today to embarrass the President? Then they said, “why don’t we say he wants to bomb a hurricane, that should do it!” The media in our Country is totally out of control!",f,f,Twitter for iPhone,87810,19606,2019-08-27 23:30:51,f,t,The Axios report is based on sources who claim to have heard Trump's remarks. Link: https://www.axios.com/2019/08/25/trump-nuclear-bombs-hurricanes
1166466892770549765,"Looking forward to being with Dan Bishop in two weeks, in North Carolina. His opponent believes in Open Borders and Sanctuary Cities, and won’t protect your Second Amendment! https://t.co/nSX2yuXAb1",f,f,Twitter for iPhone,37489,9679,2019-08-27 21:45:53,f,t,"McCready supports the Dream Act, but he has not voiced support for open borders. Link: https://www.politifact.com/factchecks/2019/aug/30/donald-trump/trump-misleads-nc-about-dan-mccreadys-immigration-/"
1153126580652318720,"....Based on the comments made by Senator Schumer, he must have seen how dangerous &amp, bad for our Country the Border is. It is not a “manufactured crisis,” as the Fake News Media &amp, their Democrat partners tried to portray. He said he wants to meet. I will set up a meeting ASAP!",f,f,Twitter for iPhone,86392,16828,2019-07-22 02:16:15,f,t,Schumer commented on the situation of migrants in detention facilities. Link: https://thehill.com/homenews/administration/454087-trump-says-he-will-meet-with-schumer-asap-after-border-visit/
1148769874379980801,So now the Obama appointed judge on the Census case (Are you a Citizen of the United States?) won’t let the Justice Department use the lawyers  that it wants to use. Could this be a first?,f,f,Twitter for iPhone,80622,21070,2019-07-10 01:44:15,f,t,The census judge rejected a request to replace some of the lawyers because no explanation for the swap was provided. Link: https://www.cnbc.com/2019/07/09/census-judge-rejects-trump-administrations-request-to-swap-lawyers.html
1113047970251931648,"In 1998, Rep.Jerry Nadler strongly opposed the release of the Starr Report on Bill Clinton. No information whatsoever would or could be legally released. But with the NO COLLUSION Mueller Report, which the Dems hate, he wants it all. NOTHING WILL EVER SATISFY THEM! @foxandfriends",f,f,Twitter for iPhone,71907,18423,2019-04-02 11:58:10,f,t,Nadler's opposition was based on privacy concerns in regards with grand jury material. Link: https://web.archive.org/web/20190402162132/https://www.washingtonpost.com/politics/trump-nadler-wants-full-mueller-report-but-opposed-release-of-starr-report/2019/04/02/47009d98-5547-11e9-9136-f8e636f1f6df_story.html?utm_term=.a1bb9d8c8858
807545243608420352,""".@RudyGiuliani, one of the finest people I know and a former GREAT Mayor of N.Y.C., just took himself out of consideration for """"State"""".""",f,f,Twitter for Android,24784,5681,2016-12-10 11:19:24,f,f,Link: https://www.washingtonpost.com/news/powerpost/wp/2016/12/09/top-secretary-of-state-candidate-rudy-giuliani-withdraws-his-name-from-consideration/
896109655574708224,"""""""Consumer Comfort Reaches 16-Year High on U.S. Economic Optimism"""" via Bloomberg https://t.co/X6KdszrxsS""",f,f,Twitter for iPhone,44145,9450,2017-08-11 20:42:45,f,f,Link: https://www.bloomberg.com/news/articles/2017-08-10/consumer-comfort-reaches-16-year-high-on-u-s-economic-optimism#xj4y7vzkg
777013142526185473,"""""""Donald Trump’s birther event is the greatest trick he’s ever pulled""""https://t.co/zvVQnxeiQ9""",f,f,Twitter for iPhone,15200,5401,2016-09-17 05:15:44,f,f,Link: https://www.washingtonpost.com/news/the-fix/wp/2016/09/16/donald-trumps-birther-event-is-the-greatest-trick-hes-ever-pulled/
681091509811306496,"""""""@Sir_Max: andreajmarkley: Rubio finally gets an endorsement – from #Benghazi loser Gowdy #Tcot #pjnet https://t.co/lJcHG0IHaM via dailyne""",f,f,Twitter for Android,1722,734,2015-12-27 12:37:24,f,f,Link: https://www.politico.com/story/2015/12/trey-gowdy-endorses-marco-rubio-217201
711085025857372161,"""""""@WesleyRickard: Sheriff Joe Arpaio AZ Endorses Donald J Trump for President of the United States #AZ #UT  https://t.co/4FzcTZIGqE""""""",f,f,Twitter for Android,12657,3678,2016-03-19 07:00:56,f,f,Link: https://edition.cnn.com/2016/01/26/politics/sheriff-joe-arpaio-donald-trump-iowa/index.html
660601999445114881,"""""""@TheMsDlr: Donald Trump Releases Plan to Reform Veterans Affairs - ABC News - https://t.co/MDArX5HKNk via @ABC""""""",f,f,Twitter for Android,1458,884,2015-10-31 23:39:24,f,f,Link: https://abcnews.go.com/Politics/donald-trump-outlines-plan-reform-veterans-affairs/story?id=34878656
660792870497067008,"""""""@Michael_0000: [First Vote News Video | Mike Tyson Endorses Donald Trump for President] - https://t.co/7c0VeVj5ko""""  Thanks Mike!""",f,f,Twitter for Android,1199,533,2015-11-01 12:17:51,f,f,Link: https://ftw.usatoday.com/2015/10/mike-tyson-just-endorsed-donald-trump-for-president
942439739264831488,"As a candidate, I promised we would pass a massive TAX CUT for the everyday working American families who are the backbone and the heartbeat of our country. Now, we are just days away... https://t.co/MADTGUMktX",f,f,Twitter for iPhone,72695,14474,2017-12-17 17:01:58,f,f,Link: https://www.theguardian.com/us-news/2015/sep/28/donald-trump-unveils-tax-plan
1178311726883905542,"""RT @Rafbo5: https://t.co/PqlNFiulml  @edhenry Ed Henry implies that @POTUS  asked Ukraine President to """"dig up dirt on political rival.”POT...""",f,t,Twitter for iPhone,0,4952,2019-09-29 02:13:02,f,f,Link: https://www.politico.com/news/2019/10/02/fox-news-donald-trump-firewall-022476
705005396818305024,"""""""@mikiebarb: """"A nearly impossible path to the GOP nomination"""" for Rubio, says @apalmerdc: https://t.co/zCTpSAjPvc ...""""""",f,f,Twitter for Android,4278,1399,2016-03-02 12:22:39,f,f,Link: https://www.politico.com/story/2016/03/marco-rubio-2016-path-220190
842739155230740481,"""""""The President Changed. So Has Small Businesses' Confidence""""https://t.co/daTGjPmYeJ""",f,f,Twitter for iPhone,42953,9122,2017-03-17 14:07:26,f,f,Link: https://www.nytimes.com/2017/03/12/business/dealbook/small-business-confidence-trump.html
683712803392323584,""".@chucktodd said today on @meetthepress that """"attacking Bill to get to Hillary has never worked before."""" Wrong - attacked him in '08 &amp, won!""",f,f,Twitter for Android,3045,1060,2016-01-03 18:13:29,f,f,Link: https://www.nbcnews.com/meet-the-press/meet-press-january-3-2016-n489381
657228886007263233,"""""""Trump Nears 100 days on Top"""" via The Hill https://t.co/MDzpY89TRE""",f,f,Twitter Web Client,1884,958,2015-10-22 16:15:51,f,f,Link: https://thehill.com/homenews/campaign/257697-trump-nears-100-days-on-top/
892782712322437120,"""""""Why the Rust Belt just gave Donald Trump a hero's welcome""""https://t.co/nqiZ8h8ajk""",f,f,Twitter for iPhone,46719,9707,2017-08-02 16:22:40,f,f,Link: https://nypost.com/2017/07/25/why-the-rust-belt-just-gave-donald-trump-a-heros-welcome/
658123832264404992,"""""""@christotepis: Donald Trump Leads in Expectations, Shows Strength on Attributes (POLL) - ABC News - https://t.co/5YvRmCqL6B via @ABC""""""",f,f,Twitter for Android,1033,519,2015-10-25 03:32:03,f,f,Link: https://abcnews.go.com/Politics/donald-trump-leads-expectations-shows-strength-attributes-poll/story?id=34599211
773116580733587456,"""China wouldn't provide a red carpet stairway from Air Force One and then Philippines President calls Obama """"the son of a whore."""" Terrible!""",f,f,Twitter for Android,25127,8759,2016-09-06 11:12:11,f,f,Link: https://www.bbc.com/news/world-asia-37281821
628143014926491648,"""Bush is pretending that the """"Trump surge"""" is great for him and the @nytimesworld is  reporting Bush """"delight"""" - con job, a Bush nightmare!""",f,f,Twitter for Android,689,348,2015-08-03 09:58:59,f,f,Link: https://www.nytimes.com/2015/08/03/us/politics/jeb-bushs-camp-counts-blessings-of-donald-trumps-surge-in-the-gop.html
617175697388388352,"""""""@CNNPolitics: Trump: San Francisco killing shows perils of illegal immigration http://t.co/aiBnAOhYup (via @TeddySchleifer)""""""",f,f,Twitter for Android,344,227,2015-07-04 03:38:47,f,f,Link: https://edition.cnn.com/2015/07/03/politics/trump-san-francisco-killing/index.html
689768331776098304,"""""""@nytimes: Breaking News: Sarah Palin has endorsed Donald Trump in the GOP primary - appeal to Tea Party loyalists https://t.co/9aKuuuD1wE""""""",f,f,Twitter for Android,2883,879,2016-01-20 11:16:00,f,f,Link: https://www.nytimes.com/2016/01/20/us/politics/donald-trump-sarah-palin.html
821368088935432196,"""John Lewis said about my inauguration, """"It will be the first one that I've missed."""" WRONG (or lie)! He boycotted Bush 43 also because he...""",f,f,Twitter for Android,55935,12988,2017-01-17 14:46:27,f,f,Link: https://www.cnbc.com/2017/01/17/trumps-inauguration-wont-be-first-one-rep-john-lewis-will-miss.html
730059920280793088,"""Via @JTAnews and Jason Greenblatt  """"Donald Trump is a Visionary With Talents Our Country Needs"""" @JasonDovEsq   https://t.co/lEGJyAinUh""",f,f,Twitter Web Client,6234,2247,2016-05-10 15:40:23,f,f,Link: https://www.jta.org/2016/04/18/politics/donald-trump-is-a-visionary-with-talents-our-country-needs
788917570317320192,.@HillaryClinton talking about jobs? Remember what she promised upstate New York. #BigLeagueTruth#Debates https://t.co/SmjNuHi7XB,f,f,Twitter for iPhone,10221,5695,2016-10-20 01:39:40,f,f,Link: https://www.politifact.com/factchecks/2016/oct/07/donald-trump/trump-clinton-promised-add-200k-jobs-upstate-new-y/
668204996828241924,"""""""@politico: Palin on 2016: """"I think it would come down to Cruz and Trump!  https://t.co/jSNS5Yv7Pt | Getty https://t.co/y5wN0AhK0E""""""",f,f,Twitter for Android,1528,723,2015-11-21 23:11:00,f,f,Link: https://www.politico.com/story/2015/11/sarah-palin-donald-trump-216115
690534576066719744,"""""""@CyberCiety: #MaryBrigidMcManamon clarified how #CommonLaw is used to interpret meaning of #NaturalBorn #TedCruz https://t.co/5y6SZrTdGr""""""",f,f,Twitter for Android,1836,626,2016-01-22 14:00:47,f,f,Link: https://www.washingtonpost.com/opinions/ted-cruz-is-not-eligible-to-be-president/2016/01/12/1484a7d0-b7af-11e5-99f3-184bc379b12d_story.html
754516280615501824,"""""""@TrumpDoonbeg: Great news! We've been nominated for Ireland's Best Golf Hotel 2016.We would appreciate your vote! https://t.co/5uEBphqdG9""""""",f,f,Twitter for Android,9336,2154,2016-07-17 03:21:14,f,f,Link: https://worldgolfawards.com/vote/trump-international-golf-links-hotel-doonbeg-2016
906669500984041472,"""Heed the advice of @FLGovScott!""""If you're in an evacuation zone, you need to get to a shelter...there's not many hours left."""" Gov. Scott https://t.co/92W8ViNMUK""",f,f,Twitter for iPhone,37940,8988,2017-09-10 00:03:48,f,f,clear from political context
657341570576994304,"""""""@MiamiHerald: For Donald Trump, South Florida makes it rain — dollars, that is https://t.co/E1zMC3kism https://t.co/nz5QTpsktk"""" Very nice""",f,f,Twitter for Android,1729,793,2015-10-22 23:43:37,f,f,Link: https://www.miamiherald.com/news/politics-government/election/article41039682.html
617165750541938688,"""Via @CNNPolitics by @teddyschleifer: """"Trump: San Francisco killing shows perils of illegal immigration"""" http://t.co/WJ872PRCO5""",f,f,Twitter for BlackBerry,320,203,2015-07-04 02:59:15,f,f,Link: https://edition.cnn.com/2015/07/03/politics/trump-san-francisco-killing/index.html
675638235197005824,"""""""@JenniferJJacobs: Trump: """"Protect the 2nd amendment...And by the way we’re going to be saying Merry Christmas again."""" Iowa crowd LOVES it.""""""",f,f,Twitter for Android,3952,1504,2015-12-12 11:28:02,f,f,Link: https://edition.cnn.com/2015/10/21/politics/donald-trump-iowa-rally/index.html
675034063447662592,"""""""Why Franklin Graham says Donald Trump is right about stopping Muslim immigration""""  https://t.co/iVPJcDQLeO""",f,f,Twitter Web Client,4330,2512,2015-12-10 19:27:16,f,f,Link: https://edition.cnn.com/2015/12/15/politics/franklin-graham-halt-all-immigration/index.html
1247919539809128451,"Wow, Bernie is unwilling to give up his delegates, and wants more of them! What’s that all about?",f,f,Twitter for iPhone,132748,22297,2020-04-08 16:09:38,f,f,Link: https://www.bbc.com/news/world-us-canada-52219756
678904742198820864,"""Hillary said at debate ISIS is """"going to people showing videos in order to recruit more radical jihadistst."""" She made up story-want apology!""",f,f,Twitter for Android,3788,1359,2015-12-21 11:47:58,f,f,Link: https://edition.cnn.com/2015/12/21/politics/donald-trump-hillary-clinton-apology-isis-video/index.html
660312839543005184,"I am going to save Medicare and Medicaid, Carson wants to abolish, and failing candidate Gov. John Kasich doesn't have a clue - weak!",f,f,Twitter for Android,3412,1760,2015-10-31 04:30:23,f,f,Link: https://www.politico.com/story/2015/10/ben-carson-medicare-medicaid-215055
619908415486361600,"""Via @CNNPolitics by @mj_lee: """"Father of murder victim to introduce Trump in Phoenix"""" http://t.co/JZuIg1cmEB""",f,f,Twitter for BlackBerry,510,291,2015-07-11 16:37:38,f,f,Link: https://edition.cnn.com/2015/07/11/politics/donald-trump-phoenix-rally/index.html
1084119654841364480,"....I do have a plan on the Shutdown. But to understand that plan you would have to understand the fact that I won the election, and I promised safety and security for the American people. Part of that promise was a Wall at the Southern Border. Elections have consequences!",f,f,Twitter for iPhone,160816,34178,2019-01-12 16:07:22,f,f,Link: https://www.politifact.com/truth-o-meter/promises/trumpometer/promise/1397/build-wall-and-make-mexico-pay-it/
745967990236143616,"""Thank you to Donald Rumsfeld for the endorsement. Very much appreciated. Clinton's conduct has been """"disqualifying.""""""",f,f,Twitter for Android,16134,4759,2016-06-23 13:13:22,f,f,Link: https://www.politico.com/story/2016/06/donald-rumsfeld-donald-trump-224698
732274340188852224,"""Thank you, Anthony @Scaramucci @WSJ """"The Entrepreneur's Case for Trump""""  https://t.co/xm45Ia1GTu""",f,f,Twitter Web Client,6493,2514,2016-05-16 18:19:42,f,f,Link: https://www.wsj.com/articles/the-entrepreneurs-case-for-trump-1463344997
788095098902962176,"""""""State Department official accused of offering 'quid pro quo' in Clinton email scandal"""" https://t.co/XkmcKeyRPJ""",f,f,Twitter for iPhone,14356,9033,2016-10-17 19:11:28,f,f,Link: https://www.politico.com/story/2016/10/fbi-state-department-clinton-email-229880
690530164711624705,"""""""@TruBluMajority: #laurencetribe calls Cruz """"constitutional hypocrite"""" on @WBUR https://t.co/qRFINtcJlX @pbsgwen @charlierose @jaketapper""",f,f,Twitter for Android,1523,495,2016-01-22 13:43:15,f,f,Link: https://edition.cnn.com/2016/01/12/politics/laurence-tribe-ted-cruz-birther-argument/index.html
653927034582925312,"""Very honored: """"Trump Is Tops As Clinton Drops In Connecticut Primaries, Quinnipiac University Poll Finds""""     http://t.co/6d8WiLa8fB""",f,f,Twitter Web Client,1809,1065,2015-10-13 13:35:29,f,f,Link: https://poll.qu.edu/images/polling/ct/ct10132015_c32gvds.pdf
674443666455461889,"""Great poll numbers just coming out of New Hampshire. BIG lead for """"Trump"""" according to @CNN!""",f,f,Twitter for Android,4455,1452,2015-12-09 04:21:15,f,f,Link: https://edition.cnn.com/2015/12/08/politics/donald-trump-poll-new-hampshire/index.html
895347654431035393,"""Senator Mitch McConnell said I had """"excessive expectations,"""" but I don't think so. After 7 years of hearing Repeal &amp, Replace, why not done?""",f,f,Twitter for iPhone,102083,25030,2017-08-09 18:14:50,f,f,Link: https://edition.cnn.com/2017/08/08/politics/mitch-mcconnell-excessive-expectations/index.html
761931010548305920,"""Crooked Hillary said loudly, and for the world to see, that she """"SHORT CIRCUITED"""" when answering a question on her e-mails. Very dangerous!""",f,f,Twitter for Android,31931,11011,2016-08-06 14:24:43,f,f,Link: https://edition.cnn.com/2016/08/06/politics/donald-trump-hillary-clinton-short-circuit/index.html
676234546644406273,"""""""@suzost: UFC President Dana White Endorses Donald Trump [VIDEO] https://t.co/MwQtFzuDpY via @dailycaller""""  Love this from a real winner!""",f,f,Twitter for Android,2726,1181,2015-12-14 02:57:34,f,f,Link: https://www.sportingnews.com/us/more/news/donald-trump-dana-white-vote-gop-presidential-campaign-politics-ufc-conor-mcgregor-taj-mahal/mjibarj2x8h41ffacmhdpud1q
791643789609865216,"""""""Clinton Foundation’s Fundraisers Pressed Donors to Steer Business to Former President""""https://t.co/PlFILR6JCn""",f,f,Twitter for iPhone,11805,7561,2016-10-27 14:12:42,f,f,Link: https://www.wsj.com/articles/clinton-foundations-fundraisers-pressed-donors-to-steer-business-to-former-president-1477527597
925424931390873602,"""""""Consumer Confidence Hits Highest Level Since December 2000"""" Read more: https://t.co/w7WkcobFun https://t.co/nLo5XCnuIx""",f,f,Twitter for iPad,34521,8104,2017-10-31 18:11:11,f,f,Link: https://www.cnbc.com/2017/10/31/consumer-confidence-october.html
690529690205818880,"""#TedCruz eligibility to be President not settled law, says Cruz' Constitutional Law Professor, #LaurenceTribe https://t.co/GWKoJsBINZ""""""",f,f,Twitter for Android,1664,590,2016-01-22 13:41:22,f,f,Link: https://www.theguardian.com/us-news/2016/jan/11/laurence-tribe-ted-cruz-donald-trump-citizen-president
841966077005463553,"""Does anybody really believe that a reporter, who nobody ever heard of, """"went to his mailbox"""" and found my tax returns? @NBCNews  FAKE NEWS!""",f,f,Twitter for iPhone,85815,20443,2017-03-15 10:55:30,f,f,Link: https://www.cnbc.com/2017/03/14/trump-may-have-leaked-his-own-tax-return-award-winning-journalist-says.html
759117301517996032,"""""""Only a Reagan or a Trump-like figure in the White House will achieve this goal."""" https://t.co/6a7Ef12giZ""",f,f,Twitter for iPhone,17878,7056,2016-07-29 20:04:03,f,f,Link: https://www.cnbc.com/2016/07/29/we-need-a-tough-negotiator-like-trump-to-fix-us-trade-policy-commentary.html
650268237746339840,"""Bush and Rubio are finally attacking each other, as I knew they would, in order to be the last """"establishment"""" man standing against me.Great""",f,f,Twitter for Android,2679,1557,2015-10-03 11:16:43,f,f,Link: https://www.latimes.com/nation/politics/la-na-politics-rubio-bush-gop-20151005-story.html
691966649973522432,"""""""Donald Trump retains national lead in new ABC News/WaPo poll with 37%: https://t.co/xPjA3TBbTa"""" https://t.co/6Uaecpwqwm""",f,f,Twitter for iPhone,3521,1329,2016-01-26 12:51:20,f,f,Link: https://www.washingtonpost.com/politics/as-first-voting-nears-trump-seems-stronger/2016/01/25/349439d4-c392-11e5-a4aa-f25866ba0dc6_story.html
648902472363319296,"""Carl Icahn said this about me:  """"I think at this moment in time, he’s the only candidate that speaks out about the country’s problems.""""""",f,f,Twitter Web Client,4068,2064,2015-09-29 16:49:40,f,f,Link: https://www.msnbc.com/msnbc/carl-icahn-endorses-donald-trump-msna692266
925333956110757888,"""The Fake News is working overtime. As Paul Manaforts lawyer said, there was """"no collusion"""" and events mentioned took place long before he...""",f,f,Twitter for iPhone,49708,11157,2017-10-31 12:09:41,f,f,Link: https://www.pbs.org/newshour/nation/watch-manafort-lawyer-says-no-evidence-of-collusion-with-russia
617612673384058880,"""""""@eva_rider: Ted Cruz Backs Trump about securing the borders. Nothing has been done for decades. http://t.co/abD8GMDthl via @Newsmax_Media""""""",f,f,Twitter for Android,416,228,2015-07-05 08:35:10,f,f,Link: https://www.pbs.org/newshour/politics/salute-donald-trump-immigration-says-cruz
1098224105931853827,California now wants to scale back their already failed “fast train” project by substantially shortening the distance so that it no longer goes from L.A. to San Francisco. A different deal and record cost overruns. Send the Federal Government back the Billions of Dollars WASTED!,f,f,Twitter for iPhone,114523,23218,2019-02-20 14:13:25,f,f,Link: https://www.washingtonpost.com/transportation/2019/02/20/white-house-says-it-will-seek-return-billions-federal-funds-california-rail-line/
737241411465170944,"""""""@ScottWRasmussen: Donald Trump and Bikers Share Affection at Rolling Thunder Rally https://t.co/ZZl2sc29dn"""" A great day in D.C.!""",f,f,Twitter for Android,5613,1681,2016-05-30 11:17:04,f,f,Link: https://www.nytimes.com/2016/05/30/us/politics/donald-trump-and-bikers-share-affection-at-rolling-thunder-rally.html
893957896190533632,"""""""Under Trump, gains against #ISIS have dramatically accelerated""""https://t.co/jNtOTh0moL""",f,f,Twitter for iPhone,53375,11592,2017-08-05 22:12:26,f,f,Link: https://www.washingtonpost.com/world/national-security/under-trump-gains-against-isis-have-dramatically-accelerated/2017/08/04/8ad29d40-7958-11e7-8f39-eeb7d3a2d304_story.html
848216035153121285,"""Wow, @FoxNews just reporting big news. Source: """"Official behind unmasking is high up. Known Intel official is responsible. Some unmasked....""",f,f,Twitter for iPhone,50814,12686,2017-04-01 16:50:36,f,f,Link: https://www.politico.com/story/2017/04/trump-fox-news-surveillance-claim-236813
637830617237979136,"""""""@Ricky_Vaughn99: Herschel Walker: Donald Trump is 'my frontrunner' for president http://t.co/242hWZ8C8k via @USATODAY""""""",f,f,Twitter for Android,4711,2337,2015-08-30 03:34:04,f,f,Link: https://eu.usatoday.com/story/sports/nfl/2015/08/29/herschel-walker-donald-trump-presidential-support-election-2016/71378646/
690532959363866625,"""Highly respected Constitutional law professor Mary Brigid McManamon has just stated, """"Ted Cruz is not eligible to be President."""" Big problem""",f,f,Twitter for Android,3683,1524,2016-01-22 13:54:21,f,f,Link: https://www.washingtonpost.com/opinions/ted-cruz-is-not-eligible-to-be-president/2016/01/12/1484a7d0-b7af-11e5-99f3-184bc379b12d_story.html
920322631412473856,"""""""Dow Passes 23,000 for the First Time, Fueled by Strong Earnings""""#Dow23K📈https://t.co/wnkrddYlb9 https://t.co/wlP0NCNcou""",f,f,Twitter for iPhone,38624,8981,2017-10-17 16:16:28,f,f,Link: https://www.nbcnews.com/business/markets/riding-high-dow-jones-just-hit-23-000-mark-n811486
658438091674394624,Ben Carson wants to abolish Medicare - I want to save it and Social Security.,f,f,Twitter Web Client,3535,1962,2015-10-26 00:20:48,f,f,Link: https://www.politico.com/story/2015/11/ben-carson-medicare-muddle-215449
660600700716584960,"""""""@thehill: WATCH LIVE: Trump talks about treatment of veterans in Norfolk, Va. https://t.co/zPBVBhtH3V https://t.co/KVC8UbktDa""""""",f,f,Twitter for Android,1050,570,2015-10-31 23:34:15,f,f,Link: https://twitter.com/thehill/status/660503475160264705
679864821823713284,"""Hillary said """"I really deplore the tone and inflammatory rhetoric of his campaign."""" I deplore the death and destruction she caused-stupidity""",f,f,Twitter for Android,10586,4590,2015-12-24 03:22:59,f,f,Link: https://www.politico.com/story/2015/12/hillary-clinton-trump-schlonged-217095
636155822326829056,"""Jeb Bush just talked about my border proposal to build a """"fence."""" It's not a fence, Jeb, it's a WALL, and there's a BIG difference!""",f,f,Twitter for Android,10208,5658,2015-08-25 12:39:01,f,f,Link: https://abcnews.go.com/Politics/donald-trump-takes-megyn-kelly-jeb-bush-lindsey/story?id=33311834
656556069062332416,"""""""Donald Trump tops Franklin-Pierce/Herald poll at 28 percent in N.H.""""  https://t.co/gXXJ4YhKIW""",f,f,Twitter Web Client,1413,779,2015-10-20 19:42:19,f,f,Link: https://www.bostonherald.com/2015/10/20/donald-trump-tops-franklin-pierce-herald-poll-at-28-percent-in-n-h/
653361888336707584,"""""""@CNNPolitics: .@clayaiken praises """"good guy"""" Trump and his """"upstanding"""" and """"grounded"""" kids http://t.co/sewrn2VkJ8 http://t.co/oRIPL1xDBG""",f,f,Twitter for Android,1565,745,2015-10-12 00:09:47,f,f,Link: https://edition.cnn.com/2015/10/08/politics/clay-aiken-joe-biden-hillary-clinton-donald-trump/index.html
620667683898556416,"""Rush Limbaugh: """"Trump Has Changed the Entire Debate on Immigration"""" http://t.co/894aXjRXDn""",f,f,Twitter Web Client,1003,562,2015-07-13 18:54:41,f,f,Link: https://www.newsmax.com/headline/rush-limbaugh-donald-trump-changed-debate/2015/07/08/id/654107/
929511061954297857,"""Why would Kim Jong-un insult me by calling me """"old,"""" when I would NEVER call him """"short and fat?"""" Oh well, I try so hard to be his friend - and maybe someday that will happen!""",f,f,Twitter Web Client,534338,217199,2017-11-12 00:48:01,f,f,Link: https://www.theguardian.com/us-news/2017/nov/12/id-never-call-kim-short-and-fat-says-trump-in-response-to-old-barb
697594507777482752,I was referring to the fact that Jeb Bush wants to keep common core.,f,f,Twitter for Android,4331,1279,2016-02-11 01:34:25,f,f,Link: https://edition.cnn.com/2015/05/30/politics/bush-common-core/index.html
642412787310968836,"""Via The Hill """"No Tickets Left for Trump's Dallas Rally"""" http://t.co/mc5bPDt6s8""",f,f,Twitter Web Client,1656,1568,2015-09-11 19:01:58,f,f,Link: https://www.dallasnews.com/news/2015/09/12/17000-snap-up-tickets-for-donald-trump-s-dallas-rally/
848841326183534594,"""Such amazing reporting on unmasking and the crooked scheme against us by @foxandfriends. """"Spied on before nomination."""" The real story.""",f,f,Twitter for iPhone,60797,15702,2017-04-03 10:15:17,f,f,Link: https://www.politico.com/story/2017/04/trump-fox-news-surveillance-claim-236813
848880519458717698,""".@FoxNews from multiple sources: """"There was electronic surveillance of Trump, and people close to Trump. This is unprecedented."""" @FBI""",f,f,Twitter for iPhone,57434,17376,2017-04-03 12:51:01,f,f,Link: https://www.politico.com/story/2017/04/trump-fox-news-surveillance-claim-236813
614804475291770880,"""""""@RobRucker: """"The greatest social program is a job"""" -Donald Trump""""""",f,f,Twitter for Android,557,312,2015-06-27 14:36:24,f,f,Link: https://time.com/3923128/donald-trump-announcement-speech/
816620855958601730,"""Julian Assange said """"a 14 year old could have hacked Podesta"""" - why was DNC so careless? Also said Russians did not give him the info!""",f,f,Twitter for Android,55154,17311,2017-01-04 12:22:38,f,f,Link: https://www.bbc.com/news/world-us-canada-38505398
809384826193276928,"""Thank you to Time Magazine and Financial Times for naming me """"Person of the Year"""" - a great honor!""",f,f,Twitter for Android,46964,8507,2016-12-15 13:09:14,f,f,Link: https://time.com/time-person-of-the-year-2016-donald-trump-choice/
1247185910673952776,"Joe Biden wanted the date for the Democrat National Convention moved to a later time period. Now he wants a “Virtual” Convention, one where he doesn’t have to show up. Gee, I wonder why? Also, what ever happened to that phone call he told the Fake News he wanted to make to me?",f,f,Twitter for iPhone,160759,31781,2020-04-06 15:34:27,f,f,Link: https://www.politico.com/news/2020/04/06/trump-biden-dnc-convention-168323
667060531149316097,"""Via Politico: """"Trump Extends Lead in New Hampshire Poll"""" https://t.co/PaJOAi3rGa""",f,f,Twitter Web Client,2939,1245,2015-11-18 19:23:18,f,f,Link: https://www.politico.com/story/2015/11/donald-trump-new-hampshire-215986
686643969657319426,".@megynkelly recently said that she can’t be wooed by Trump. She is so average in every way, who the hell wants to woo her!",f,f,Twitter Web Client,8341,3343,2016-01-11 20:20:54,f,f,Link: https://www.vanityfair.com/news/2016/01/donald-trump-megyn-kelly-feud
724633058398375936,Kasich just announced that he wants the people of Indiana to vote for him. Typical politician - can't make a deal work.,f,f,Twitter Web Client,11395,3958,2016-04-25 16:15:58,f,f,Link: https://www.washingtonpost.com/news/post-politics/wp/2016/04/25/kasich-on-his-indiana-supporters-they-ought-to-vote-for-me/
917177470532636672,"""""""The Republican Party is racking up record amounts of small dollar donations - fueled by Trump supporters.....""""   @nypost  Thank you!""",f,f,Twitter for iPhone,63267,11465,2017-10-08 23:58:43,f,f,Link: https://nypost.com/2017/10/07/trump-supporters-net-gop-40-3m-in-small-donations/
612575011057045504,"""""""@nytimes: If you’re a betting man, it’s time to start believing Donald Trump http://t.co/YGeFcDz6Vo""""""",f,f,Twitter for Android,242,114,2015-06-21 10:57:18,f,f,Link: https://www.nytimes.com/2015/06/10/upshot/if-youre-a-betting-man-its-time-to-start-believing-donald-trump.html
676658032630104064,"""""""@piersmorgan: Donald Trump vs Hillary Clinton would be the greatest presidential battle in history.""""""",f,f,Twitter for Android,2908,1096,2015-12-15 07:00:21,f,f,Link: https://twitter.com/piersmorgan/status/676453482963075072
655761844011954176,""".@MittRomney  can only speak negatively about my presidential chances because I have been openly hard on his terrible """"choke"""" loss to Obama!""",f,f,Twitter for Android,2633,1240,2015-10-18 15:06:21,f,f,Link: https://www.businessinsider.com/mitt-romney-donald-trump-nomination?r=US&IR=T
880534684479897600,"""""""Mattis Says Trump’s Warning Stopped Chemical Weapons Attack In Syria"""" https://t.co/XL9LLNKh8i""",f,f,Twitter for iPhone,49663,11704,2017-06-29 21:13:22,f,f,Link: https://www.nytimes.com/2017/06/28/us/politics/white-house-warning-syria-chemical-attack-officials-says.html
638511155582005248,President Obama wants to change the name of Mt. McKinley to Denali after more than 100 years. Great insult to Ohio. I will change back!,f,f,Twitter for Android,10009,5205,2015-09-01 00:38:17,f,f,Link: https://www.nytimes.com/2015/08/31/us/mount-mckinley-will-be-renamed-denali.html
672390580379459584,"""""""@politico: Trump: Mideast peace 'something I'd really like to do' https://t.co/9K9rN5KIHP | AP Photo https://t.co/TbtmIuziUp""""""",f,f,Twitter for Android,1722,663,2015-12-03 12:23:01,f,f,Link: https://www.politico.com/story/2015/12/trump-mideast-peace-216378
679463530190499840,"""NPR's @NealConan said """"schlonged"""" to WaPo re: 1984 Mondale/Ferraro campaign: """"That ticket went on to get schlonged at the polls."""" #Hypocrisy""",f,f,Twitter for iPhone,2937,1452,2015-12-23 00:48:24,f,f,Link: https://www.washingtonpost.com/news/the-fix/wp/2015/12/22/was-donald-trump-right-about-schlonged-all-along/
789202030493634560,"Crooked Hillary promised 200k jobs in NY and FAILED. We'll create 25M jobs when I'm president, and I will DELIVER! https://t.co/NgyCkEH7Xn",f,f,Twitter for iPhone,19664,9934,2016-10-20 20:30:01,f,f,Link: https://www.politifact.com/factchecks/2016/oct/07/donald-trump/trump-clinton-promised-add-200k-jobs-upstate-new-y/
615556392351608832,"""Via @JNSworldnews by @JacobKamarasJNS:  """"Donald Trump says he is no apprentice when it comes to Israel""""http://t.co/O4yHtwCzbm""",f,f,Twitter for BlackBerry,217,103,2015-06-29 16:24:15,f,f,Link: https://www.jns.org/donald-trump-says-he-is-no-apprentice-when-it-comes-to-israel/
785295100674998272,""".@HillaryClinton #ICYMI- """"WE ARE NOT IN A NARRATIVE FIGHT.""""@Mike_Pence #MAGA https://t.co/FUQzXlyPwY""",f,f,Twitter Web Client,14914,6070,2016-10-10 01:45:16,f,f,Link: https://www.msnbc.com/msnbc-quick-cuts/watch/pence-we-re-not-in-a-narrative-fight-769043523811
941353395121741825,"As a candidate, I promised we would pass a massive tax cut for the everyday, working Americans. If you make your voices heard, this moment will be forever remembered as a great new beginning – the dawn of a brilliant American future shining with PATRIOTISM, PROSPERITY AND PRIDE! https://t.co/exsBzrlCdw",f,f,Twitter for iPhone,65102,14382,2017-12-14 17:05:13,f,f,Link: https://www.theguardian.com/us-news/2015/sep/28/donald-trump-unveils-tax-plan
697998702477242369,"""Lying Cruz put out a statement, “Trump &amp, Rubio are w/Obama on gay marriage."""" Cruz is the worst liar, crazy or very dishonest. Perhaps all 3?""",f,f,Twitter for iPhone,9104,3357,2016-02-12 04:20:33,f,f,Link: https://www.politico.com/blogs/south-carolina-primary-2016-live-updates-and-results/2016/02/cruz-trump-and-rubio-are-with-obama-on-gay-marriage-219160
812450976670121985,"""Vladimir Putin said today about Hillary and Dems: """"In my opinion, it is humiliating. One must be able to lose with dignity.""""  So true!""",f,f,Twitter for Android,91565,24560,2016-12-24 00:13:02,f,f,Link: https://www.washingtonpost.com/world/europe/trump-syria-hacking-and-terrorism-in-play-as-russias-putin-meets-the-press/2016/12/23/28ead25a-c878-11e6-acda-59924caa2450_story.html
713006944047534081,"""Remember when I recently said that Brussels is a """"hell hole"""" and a mess and the failing @nytimes wrote a critical article. I was so right!""",f,f,Twitter for Android,13189,4768,2016-03-24 14:17:57,f,f,Link: https://www.nytimes.com/2016/01/28/world/europe/trump-finds-new-city-to-insult-brussels.html
685848940298776577,"""Constitutional law expert  #Laurence Tribe of Harvard says """"wrong to say it (natural born citizen) is a settled matter-it isn't settled).""",f,f,Twitter for Android,2586,943,2016-01-09 15:41:44,f,f,Link: https://news.harvard.edu/gazette/story/2016/02/a-question-of-citizenship/
701078699118989312,"""""""@JoeNBC: Trump expressed concerns months after the Iraq War began, while 60% of Americans still supported the war. https://t.co/YmJBSgPRa7""""""",f,f,Twitter Web App,4607,1815,2016-02-20 16:19:21,f,f,Link: https://edition.cnn.com/2019/10/29/politics/fact-check-trump-false-claim-opposed-iraq-invasion/index.html
974069957905428481,It was wonderful to be back in Missouri where our push for historic TAX CUTS all began. Six months ago I promised that we would cut taxes to bring Main Street roaring back - and that is exactly what is happening! https://t.co/4kPofEii3i,f,f,Twitter for iPhone,56977,11544,2018-03-14 23:49:09,f,f,Link: https://www.nytimes.com/2017/09/27/us/politics/trump-tax-cut-plan-middle-class-deficit.html
762790167732035585,"'As Senator Clinton promised 200,000 jobs in Upstate New York - her efforts fell flat.' https://t.co/I2WqZb5N8P https://t.co/i5S3mtJWpe",f,f,Twitter for iPhone,13929,6256,2016-08-08 23:18:42,f,f,Link: https://www.politifact.com/factchecks/2016/oct/07/donald-trump/trump-clinton-promised-add-200k-jobs-upstate-new-y/
798850338384023552,"""I am not trying to get """"top level security clearance"""" for my children. This was a typically false news story.""",f,f,Twitter for Android,83909,27197,2016-11-16 11:28:57,f,f,Link: https://www.cbsnews.com/news/trump-team-seeks-top-secret-security-clearances-for-trump-children/
668556086547496960,"""""""@TheFix: The Paris attacks have only made Donald Trump stronger https://t.co/F8vgxYNa5t https://t.co/Y3SevhrRp1"""" Very interesting!""",f,f,Twitter for Android,2261,1213,2015-11-22 22:26:06,f,f,Link: https://www.washingtonpost.com/news/the-fix/wp/2015/11/22/the-paris-attacks-appear-to-have-vaulted-donald-trump-higher-in-the-polls/
925688931823300609,"""""""Senator Chuck Schumer helping to import Europes problems"""" said Col.Tony Shaffer. We will stop this craziness!  @foxandfriends""",f,f,Twitter for iPhone,63745,16291,2017-11-01 11:40:14,f,f,Link: https://www.washingtonpost.com/world/europe/in-europe-manhattan-attack-underscores-challenges-to-balance-security-and-city-life/2017/11/01/9daed76e-bef7-11e7-8444-a0d4f04b89eb_story.html
921189980843663360,"""Keep up the GREAT work. I am with you 100%!""""ISIS is losing its grip...""""Army Colonel Ryan DillonCJTF–OIRhttps://t.co/jVGuvv5mzm https://t.co/PSCXg38CtS""",f,f,Twitter Media Studio,46227,10034,2017-10-20 01:43:00,f,f,Link: https://www.defense.gov/News/News-Stories/Article/Article/1328658/isis-losing-on-all-fronts-oir-spokesman-says/
690534215478173697,"""""""@D: #MaryBrigidMcManamon, Washington Post: Constitutionally speaking, #Cruz simply isn’t eligible to be president https://t.co/DBtTgsC1il""""""",f,f,Twitter for Android,1841,686,2016-01-22 13:59:21,f,f,Link: https://www.washingtonpost.com/opinions/ted-cruz-is-not-eligible-to-be-president/2016/01/12/1484a7d0-b7af-11e5-99f3-184bc379b12d_story.html
1139246407267815430,"""""""It is the assessment of the U.S. government that Iran is responsible for today's attacks in the Gulf of Oman....""""@StateDept @SecPompeo https://t.co/sTIB0p1kCE""",f,f,Twitter Media Studio,42857,14726,2019-06-13 19:01:24,f,f,Link: https://www.nytimes.com/2019/06/13/us/politics/oil-tanker-attack-pompeo.html
659345117610815488,"""""""@HMaewest:  Via the Washington Post: Inside the World of Donald Trump's Super Fans: https://t.co/QL6VhkZ8pm https://t.co/wfbcBcsCov""""""",f,f,Twitter for Android,868,464,2015-10-28 12:25:00,f,f,Link: https://www.washingtonpost.com/politics/inside-the-world-of-donald-trumps-super-fans/2015/10/26/d376f1c6-7753-11e5-b9c1-f03c48c96ac2_story.html
879648931172556802,"""Wow, CNN had to retract big story on """"Russia,"""" with 3 employees forced to resign. What about all the other phony stories they do? FAKE NEWS!""",f,f,Twitter for iPhone,102147,26396,2017-06-27 10:33:42,f,f,Link: https://www.politico.com/blogs/on-media/2017/06/26/cnn-resign-russia-scaramucci-239975
